how to set up deepseek on janitor ai	Informational	5400	14	0.00	Sitelinks, AI Overview, Image pack, Video, Video carousel, Discussions and forums, Related searches	Last week
is there an ai with no restrictions	Informational	3600	20	1.00	Sitelinks, AI Overview, Video, Video carousel, Related searches	2 weeks
does common app check ai in activites section	Informational	2900	22	0.00	Sitelinks, AI Overview, Video, People also ask, Discussions and forums, Related searches	Last week
how to improve brand visibility in ai search engines	Informational	2900	17	0.00	Sitelinks, AI Overview, Video, Video carousel, Discussions and forums	2 weeks
how to raise your vocal note pitch with ai	Informational	2900	8	0.00	Sitelinks, AI Overview, Video, Video carousel, People also ask, Discussions and forums, Related searches	Last week
what strategies improve brand visibility in ai search engines	Informational	2900	7	0.00	Sitelinks, AI Overview, Video, Discussions and forums	2 weeks

eu ai act news	Informational	90500	22	0.00	AI Overview, Video, Top stories, Related searches	Last week
ai regulation news	Informational	74000	27	3.24	Sitelinks, AI Overview, Image pack, Video, Video carousel, People also ask, Top stories, Related searches	Last week
ai transformation is a problem of governance	Informational	74000	2	0.00	Sitelinks, AI Overview, Video	2 weeks
eu ai act news today	Informational	60500	25	0.00	Sitelinks, AI Overview, Video, Top stories, Related searches	Last week
stability ai news	Informational	49500	30	0.00	AI Overview, Video, People also ask, Related searches	Last week
spicy ai chat	Informational	27100	28	1.06		2 weeks
latest ai news september 2025	Informational	22200	29	0.00	AI Overview, Video, Related searches	Last week
opendream ai art	Informational, Transactional	22200	16	0.00	Related searches	2 weeks
hotwire gaio.tech ai visibility products	Informational	720	8	0.00	AI Overview, Video, Related searches	1 month
legal tech news ai	Informational	720	29	0.00	AI Overview, Video, Related searches	Last week
legal tech news today ai	Informational	720	29	0.00	AI Overview, Video, Related searches	Last week
ai and tech developments past 24 hours october 2025	Informational	480	18	0.00	Sitelinks, AI Overview, Video, Related searches	1 month
big tech ai news	Informational	480	25	0.00	AI Overview, Video, People also ask, Related searches	1 month
legal tech news today ai law firms	Informational	480	10	0.00	Video, Video carousel, Related searches	1 month
filestack opensource alternative	Informational	480	6	0.00	Sitelinks, AI Overview, Image, Video, People also ask, Discussions and forums, Related searches, Ads bottom	Last week
mac burn opensource	Informational	390	26	0.00	Sitelinks, Video, Video carousel, Related searches	1 month
self hosted free staffing agency recruitment opensource	Informational	320	8	0.00	Sitelinks, AI Overview, Video, Discussions and forums, Related searches, Ads top, Ads middle	2 weeks
trump administration cybersecurity funding cuts	Informational	12100	24	0.00	AI Overview, Video, Related searches	2 weeks
healthcare cybersecurity news	Informational, Commercial	8100	22	5.31	Video, Related searches	Last week
cybersecurity engineer	Informational	3600	29	8.03	Sitelinks, AI Overview, Video, Video carousel, Related searches, Things to know	2 weeks
cybersecurity journalist profile evaluation criteria	Informational	2900	7	0.00	Sitelinks, AI Overview, Video	Last week
is cybersecurity hard	Informational	1900	12	8.32	Sitelinks, AI Overview, Video, Video carousel, Discussions and forums, Related searches	2 weeks
what are hosts cybersecurity	Informational	1000	10	0.00	AI Overview, Image, Video, Video carousel, Short videos, Related searches	1 month
is cybersecurity one word	Informational	590	9	0.00	Sitelinks, AI Overview, Video, People also ask, Related searches	1 month
does cybersecurity require coding	Informational	480	6	7.38	Sitelinks, AI Overview, Video, Related searches	1 month
is cybersecurity oversaturated	Informational	480	25	8.27	Sitelinks, AI Overview, Video, Related searches	1 month
will cybersecurity be replaced by ai	Informational	480	21	3.67	Sitelinks, AI Overview, Video, Video carousel, People also ask, Related searches	1 month
when was virtual reality invented	Informational	590	14	0.00	Sitelinks, AI Overview, Video, Short videos, Related searches	1 month
how do virtual reality headsets work	Informational	480	26	0.50	Sitelinks, AI Overview, Video, Video carousel, Related searches	2 weeks
when was the virtual reality invented	Informational	480	26	0.00	Sitelinks, AI Overview, Image, Video, Video carousel, Short videos, Related searches	2 weeks
when was virtual reality created	Informational	480	21	0.00	Sitelinks, AI Overview, Video, Video carousel, People also ask, Related searches	2 weeks
how to use virtual reality	Informational	390	27	0.70	Sitelinks, AI Overview, Video, Video carousel, Short videos, Discussions and forums, Related searches	1 month
when virtual reality was invented	Informational	390	27	0.00	Sitelinks, AI Overview, Image, Video, Short videos, Related searches	2 weeks
how do i use a virtual reality headset	Informational	320	15	0.31	Sitelinks, AI Overview, Video, Video carousel, Short videos, Discussions and forums, Related searches	1 month
how to connect virtual reality to tv	Informational	320	19	0.01	Sitelinks, AI Overview, Video, Video carousel, Short videos, Related searches	1 month
is virtual reality bad for your eyes	Informational	320	1	0.00	Sitelinks, AI Overview, Image, Video, Video carousel, People also ask, Discussions and forums, Related searches	1 month
how to make a virtual reality game	Informational	260	27	2.51	Sitelinks, AI Overview, Image, Video, Video carousel, Short videos, People also ask, Discussions and forums, Related searches	1 month
machine learning trends 2024	Informational	9900	29	0.00	AI Overview, Video, Video carousel, People also ask, Related searches	Last week
bionic ai ml engineer machine learning developer	Informational, Commercial	2400	25	0.00	Sitelinks, AI Overview, Video, People also ask, Related searches, Ads bottom	2 weeks
dse graduation asu masters bayesian machine learning	Informational, Transactional	1900	15	0.00	Sitelinks, AI Overview, Related searches	1 month
machine learning job interview questions answer pdf	Informational, Commercial	1900	26	0.00	AI Overview, Video, Related searches	1 month
cybersecurity ai xai reseah machine learning	Informational	1600	16	0.00	Video, Related searches	1 month
hypertension prediction using machine learning kaggle	Informational, Navigational	1000	19	0.00	AI Overview, Related searches	1 month
disclosure sentiment: machine learning vs. dictionary methods.	Informational, Commercial	880	12	0.00	AI Overview, Video, Related searches	1 month
automated branding	Informational	18100	10	4.75	Sitelinks, AI Overview, Image, Video, Video carousel, Discussions and forums, Related searches	Last week
automated insurance claims	Informational	4400	23	18.74	AI Overview, Video, Video carousel, Related searches	Last week
co automation	Informational	4400	13	6.51	AI Overview, Image, Video, People also ask, Related searches	2 weeks
marketing automation news	Informational	2900	23	0.00	Video, Related searches	2 weeks
totally integrated automation	Informational	2900	8	0.43	AI Overview, Image pack, Video, Video carousel, Related searches, Ads bottom	Last week
what are automated queries	Informational	1300	18	0.00	Sitelinks, AI Overview, Video carousel, Related searches	1 month
how to automate mcgraw hill connect	Informational	1000	20	0.00	Sitelinks, AI Overview, Video, Related searches	1 month
what is software automation	Informational	720	26	3.86	Sitelinks, AI Overview, Video, Video carousel, Related searches	1 month
how to automate instagram posts	Informational	590	26	3.36	Sitelinks, AI Overview, Video, Video carousel, Discussions and forums, Related searches, Ads bottom	3 weeks
how to automate third party plugins in fl studio	Informational	590	21	0.00	Sitelinks, AI Overview, Video, Short videos, Discussions and forums, Related searches	1 month
what is industrial automation	Informational	590	24	3.36	AI Overview, Video, Video carousel, Related searches	1 month
blockchain in intellectual property	Informational	14800	17	0.00	Sitelinks, AI Overview, Video, Video carousel, Related searches	Last week
blockchain private key qr code	Informational	4400	17	0.00	AI Overview, Image, Video, People also ask	2 weeks
blockchain keywords	Informational	1000	23	0.00	AI Overview, Image pack, Video, Related searches	3 weeks
shiba inu shibarium blockchain milestone	Informational	1000	15	0.00	Sitelinks, AI Overview, Video, Related searches	1 month
blockchain applications in intellectual property	Informational	880	21	0.00	Sitelinks, AI Overview, Video, Related searches	1 month