Keyword,Volume,KD,Intent
how to set up deepseek on janitor ai,5400,14,Informational
is there an ai with no restrictions,3600,20,Informational
does common app check ai in activites section,2900,22,Informational
how to improve brand visibility in ai search engines,2900,17,Informational
how to raise your vocal note pitch with ai,2900,8,Informational
what strategies improve brand visibility in ai search engines,2900,7,Informational
eu ai act news,90500,22,Informational
ai regulation news,74000,27,Informational
ai transformation is a problem of governance,74000,2,Informational
eu ai act news today,60500,25,Informational
stability ai news,49500,30,Informational
spicy ai chat,27100,28,Informational
latest ai news september 2025,22200,29,Informational
opendream ai art,22200,16,"Informational, Transactional"
hotwire gaio.tech ai visibility products,720,8,Informational
legal tech news ai,720,29,Informational
legal tech news today ai,720,29,Informational
ai and tech developments past 24 hours october 2025,480,18,Informational
big tech ai news,480,25,Informational
legal tech news today ai law firms,480,10,Informational
filestack opensource alternative,480,6,Informational
mac burn opensource,390,26,Informational
self hosted free staffing agency recruitment opensource,320,8,Informational
trump administration cybersecurity funding cuts,12100,24,Informational
healthcare cybersecurity news,8100,22,"Informational, Commercial"
cybersecurity engineer,3600,29,Informational
cybersecurity journalist profile evaluation criteria,2900,7,Informational
is cybersecurity hard,1900,12,Informational
what are hosts cybersecurity,1000,10,Informational
is cybersecurity one word,590,9,Informational
does cybersecurity require coding,480,6,Informational
is cybersecurity oversaturated,480,25,Informational
will cybersecurity be replaced by ai,480,21,Informational
when was virtual reality invented,590,14,Informational
how do virtual reality headsets work,480,26,Informational
when was the virtual reality invented,480,26,Informational
when was virtual reality created,480,21,Informational
how to use virtual reality,390,27,Informational
when virtual reality was invented,390,27,Informational
how do i use a virtual reality headset,320,15,Informational
how to connect virtual reality to tv,320,19,Informational
is virtual reality bad for your eyes,320,1,Informational
how to make a virtual reality game,260,27,Informational
machine learning trends 2024,9900,29,Informational
bionic ai ml engineer machine learning developer,2400,25,"Informational, Commercial"
dse graduation asu masters bayesian machine learning,1900,15,"Informational, Transactional"
machine learning job interview questions answer pdf,1900,26,"Informational, Commercial"
cybersecurity ai xai reseah machine learning,1600,16,Informational
hypertension prediction using machine learning kaggle,1000,19,"Informational, Navigational"
disclosure sentiment: machine learning vs. dictionary methods.,880,12,"Informational, Commercial"
automated branding,18100,10,Informational
automated insurance claims,4400,23,Informational
co automation,4400,13,Informational
marketing automation news,2900,23,Informational
totally integrated automation,2900,8,Informational
what are automated queries,1300,18,Informational
how to automate mcgraw hill connect,1000,20,Informational
what is software automation,720,26,Informational
how to automate instagram posts,590,26,Informational
how to automate third party plugins in fl studio,590,21,Informational
what is industrial automation,590,24,Informational
blockchain in intellectual property,14800,17,Informational
blockchain private key qr code,4400,17,Informational
blockchain keywords,1000,23,Informational
shiba inu shibarium blockchain milestone,1000,15,Informational
blockchain applications in intellectual property,880,21,Informational
